row_id	lane	kind	task_signature	target_scope	action
1	1	BUILD	SIG_318183455	/data/task_1.txt	CREATE
2	1	BUILD	SIG_1775723865	/data/task_2.txt	CREATE
3	1	BUILD	SIG_1785858691	/data/task_3.txt	CREATE
4	1	BUILD	SIG_266895965	/data/task_4.txt	CREATE
5	1	BUILD	SIG_1468468285	/data/task_5.txt	CREATE
6	1	BUILD	SIG_818045036	/data/task_6.txt	CREATE
7	1	BUILD	SIG_949925630	/data/task_7.txt	CREATE
8	1	BUILD	SIG_109524622	/data/task_8.txt	CREATE
9	1	BUILD	SIG_1039200548	/data/task_9.txt	CREATE
10	1	BUILD	SIG_595432477	/data/task_10.txt	CREATE
11	1	BUILD	SIG_990908900	/data/task_11.txt	CREATE
12	1	BUILD	SIG_319876533	/data/task_12.txt	CREATE
13	1	BUILD	SIG_684426145	/data/task_13.txt	CREATE
14	1	BUILD	SIG_432983418	/data/task_14.txt	CREATE
15	1	BUILD	SIG_1272796601	/data/task_15.txt	CREATE
16	2	BUILD	SIG_22307163	/data/task_16.txt	CREATE
17	2	BUILD	SIG_727407675	/data/task_17.txt	CREATE
18	2	BUILD	SIG_929458422	/data/task_18.txt	CREATE
19	2	BUILD	SIG_1132476846	/data/task_19.txt	CREATE
20	2	BUILD	SIG_1778470324	/data/task_20.txt	CREATE
21	2	BUILD	SIG_552679492	/data/task_21.txt	CREATE
22	2	BUILD	SIG_1253024999	/data/task_22.txt	CREATE
23	2	BUILD	SIG_1694154519	/data/task_23.txt	CREATE
24	2	BUILD	SIG_1905676734	/data/task_24.txt	CREATE
25	2	BUILD	SIG_543012124	/data/task_25.txt	CREATE
26	2	BUILD	SIG_667998993	/data/task_26.txt	CREATE
27	2	BUILD	SIG_1366773780	/data/task_27.txt	CREATE
28	2	BUILD	SIG_1583853013	/data/task_28.txt	CREATE
29	2	BUILD	SIG_1941441634	/data/task_29.txt	CREATE
30	2	BUILD	SIG_1234298610	/data/task_30.txt	CREATE
31	3	BUILD	SIG_1895358224	/data/task_31.txt	CREATE
32	3	BUILD	SIG_1167563517	/data/task_32.txt	CREATE
33	3	BUILD	SIG_1175337560	/data/task_33.txt	CREATE
34	3	BUILD	SIG_938709546	/data/task_34.txt	CREATE
35	3	BUILD	SIG_561839231	/data/task_35.txt	CREATE
36	3	BUILD	SIG_2131869679	/data/task_36.txt	CREATE
37	3	BUILD	SIG_1189043920	/data/task_37.txt	CREATE
38	3	BUILD	SIG_1957789111	/data/task_38.txt	CREATE
39	3	BUILD	SIG_1927409934	/data/task_39.txt	CREATE
40	3	BUILD	SIG_198657736	/data/task_40.txt	CREATE
41	3	BUILD	SIG_743403477	/data/task_41.txt	CREATE
42	3	BUILD	SIG_1940118519	/data/task_42.txt	CREATE
43	3	BUILD	SIG_1480143119	/data/task_43.txt	CREATE
44	3	BUILD	SIG_1751915901	/data/task_44.txt	CREATE
45	3	BUILD	SIG_1393617006	/data/task_45.txt	CREATE
46	4	BUILD	SIG_1189350801	/data/task_46.txt	CREATE
47	4	BUILD	SIG_702593015	/data/task_47.txt	CREATE
48	4	BUILD	SIG_1875358605	/data/task_48.txt	CREATE
49	4	BUILD	SIG_1929723412	/data/task_49.txt	CREATE
50	4	BUILD	SIG_311864861	/data/task_50.txt	CREATE
51	4	BUILD	SIG_163867524	/data/task_51.txt	CREATE
52	4	BUILD	SIG_1995378294	/data/task_52.txt	CREATE
53	4	BUILD	SIG_2060627945	/data/task_53.txt	CREATE
54	4	BUILD	SIG_360309674	/data/task_54.txt	CREATE
55	4	BUILD	SIG_637401377	/data/task_55.txt	CREATE
56	4	BUILD	SIG_124499484	/data/task_56.txt	CREATE
57	4	BUILD	SIG_461042467	/data/task_57.txt	CREATE
58	4	BUILD	SIG_931459310	/data/task_58.txt	CREATE
59	4	BUILD	SIG_637835639	/data/task_59.txt	CREATE
60	4	BUILD	SIG_546148405	/data/task_60.txt	CREATE
61	5	BUILD	SIG_833105601	/data/task_61.txt	CREATE
62	5	BUILD	SIG_1915818344	/data/task_62.txt	CREATE
63	5	BUILD	SIG_1322421201	/data/task_63.txt	CREATE
64	5	BUILD	SIG_349438700	/data/task_64.txt	CREATE
65	5	BUILD	SIG_643427142	/data/task_65.txt	CREATE
66	5	BUILD	SIG_1997172422	/data/task_66.txt	CREATE
67	5	BUILD	SIG_1905169756	/data/task_67.txt	CREATE
68	5	BUILD	SIG_2146517025	/data/task_68.txt	CREATE
69	5	BUILD	SIG_856680853	/data/task_69.txt	CREATE
70	5	BUILD	SIG_498219815	/data/task_70.txt	CREATE
71	5	BUILD	SIG_1592319531	/data/task_71.txt	CREATE
72	5	BUILD	SIG_428930403	/data/task_72.txt	CREATE
73	5	BUILD	SIG_30732303	/data/task_73.txt	CREATE
74	5	BUILD	SIG_779579979	/data/task_74.txt	CREATE
75	5	BUILD	SIG_2030212315	/data/task_75.txt	CREATE
76	6	BUILD	SIG_1064346913	/data/task_76.txt	CREATE
77	6	BUILD	SIG_1861974347	/data/task_77.txt	CREATE
78	6	BUILD	SIG_817042488	/data/task_78.txt	CREATE
79	6	BUILD	SIG_737095907	/data/task_79.txt	CREATE
80	6	BUILD	SIG_2069974076	/data/task_80.txt	CREATE
81	6	BUILD	SIG_1573736481	/data/task_81.txt	CREATE
82	6	BUILD	SIG_987430658	/data/task_82.txt	CREATE
83	6	BUILD	SIG_1916691484	/data/task_83.txt	CREATE
84	6	BUILD	SIG_223052571	/data/task_84.txt	CREATE
85	6	BUILD	SIG_628461562	/data/task_85.txt	CREATE
86	6	BUILD	SIG_2115126043	/data/task_86.txt	CREATE
87	6	BUILD	SIG_414885080	/data/task_87.txt	CREATE
88	6	BUILD	SIG_1143238889	/data/task_88.txt	CREATE
89	6	BUILD	SIG_942504082	/data/task_89.txt	CREATE
90	6	BUILD	SIG_2046773788	/data/task_90.txt	CREATE
91	7	BUILD	SIG_991849410	/data/task_91.txt	CREATE
92	7	BUILD	SIG_58083527	/data/task_92.txt	CREATE
93	7	BUILD	SIG_1355894205	/data/task_93.txt	CREATE
94	7	BUILD	SIG_120023507	/data/task_94.txt	CREATE
95	7	BUILD	SIG_1393418715	/data/task_95.txt	CREATE
96	7	BUILD	SIG_800453703	/data/task_96.txt	CREATE
97	7	BUILD	SIG_784518513	/data/task_97.txt	CREATE
98	7	BUILD	SIG_91528176	/data/task_98.txt	CREATE
99	7	BUILD	SIG_865063931	/data/task_99.txt	CREATE
100	7	BUILD	SIG_247542330	/data/task_100.txt	CREATE
101	7	BUILD	SIG_800996538	/data/task_101.txt	CREATE
102	7	BUILD	SIG_556409306	/data/task_102.txt	CREATE
103	7	BUILD	SIG_1720301087	/data/task_103.txt	CREATE
104	7	BUILD	SIG_1398054589	/data/task_104.txt	CREATE
105	7	BUILD	SIG_298644704	/data/task_105.txt	CREATE
106	8	BUILD	SIG_885670544	/data/task_106.txt	CREATE
107	8	BUILD	SIG_470827520	/data/task_107.txt	CREATE
108	8	BUILD	SIG_1085040628	/data/task_108.txt	CREATE
109	8	BUILD	SIG_1764632745	/data/task_109.txt	CREATE
110	8	BUILD	SIG_2113755061	/data/task_110.txt	CREATE
111	8	BUILD	SIG_1964357666	/data/task_111.txt	CREATE
112	8	BUILD	SIG_510422718	/data/task_112.txt	CREATE
113	8	BUILD	SIG_921477475	/data/task_113.txt	CREATE
114	8	BUILD	SIG_1244776795	/data/task_114.txt	CREATE
115	8	BUILD	SIG_537664781	/data/task_115.txt	CREATE
116	8	BUILD	SIG_1944310348	/data/task_116.txt	CREATE
117	8	BUILD	SIG_1527547899	/data/task_117.txt	CREATE
118	8	BUILD	SIG_2067820692	/data/task_118.txt	CREATE
119	8	BUILD	SIG_196107467	/data/task_119.txt	CREATE
120	8	BUILD	SIG_1617916012	/data/task_120.txt	CREATE
